{"cameraMode":{"drawMode":0,"name":"Shaded","section":"Shading Mode"},"sceneLighting":false,"audioPlay":false,"sceneViewState":{"showFog":true,"showMaterialUpdate":false,"showSkybox":false,"showFlares":true,"showImageEffects":true,"showParticleSystems":true},"in2DMode":false,"pivot":{"x":5.999999523162842,"y":-0.31952494382858279,"z":-3.0},"rotation":{"x":-0.21648339927196504,"y":-0.12331663072109223,"z":0.02693857066333294,"w":-0.9682048559188843},"size":6.341538429260254,"orthographic":false}