{"cameraMode":{"drawMode":0,"name":"Shaded","section":"Shading Mode"},"sceneLighting":false,"audioPlay":false,"sceneViewState":{"showFog":true,"showMaterialUpdate":false,"showSkybox":false,"showFlares":true,"showImageEffects":true,"showParticleSystems":true},"in2DMode":false,"pivot":{"x":-0.6999969482421875,"y":0.0,"z":-4.8999738693237309},"rotation":{"x":-0.0031566452234983446,"y":0.4816156327724457,"z":0.001735300407744944,"w":0.8763765692710877},"size":404.8374328613281,"orthographic":false}