{"cameraMode":{"drawMode":0,"name":"Shaded","section":"Shading Mode"},"sceneLighting":true,"audioPlay":false,"sceneViewState":{"showFog":true,"showMaterialUpdate":false,"showSkybox":true,"showFlares":true,"showImageEffects":true,"showParticleSystems":true},"in2DMode":false,"pivot":{"x":-195.49472045898438,"y":-100.21623992919922,"z":-22.34733772277832},"rotation":{"x":0.6636471748352051,"y":-0.004191800020635128,"z":0.0026835284661501648,"w":0.7484709620475769},"size":12.565160751342774,"orthographic":false}