{"cameraMode":{"drawMode":0,"name":"Shaded","section":"Shading Mode"},"sceneLighting":false,"audioPlay":false,"sceneViewState":{"showFog":true,"showMaterialUpdate":false,"showSkybox":false,"showFlares":true,"showImageEffects":true,"showParticleSystems":true},"in2DMode":false,"pivot":{"x":-1.7350410223007203,"y":2.430072546005249,"z":0.42555928230285647},"rotation":{"x":-0.0023055074270814659,"y":-0.8605176210403442,"z":0.5098762512207031,"w":-0.003005851060152054},"size":1.7109441757202149,"orthographic":false}