{"cameraMode":{"drawMode":0,"name":"Shaded","section":"Shading Mode"},"sceneLighting":false,"audioPlay":false,"sceneViewState":{"showFog":true,"showMaterialUpdate":false,"showSkybox":false,"showFlares":true,"showImageEffects":true,"showParticleSystems":true},"in2DMode":false,"pivot":{"x":0.0,"y":0.12293672561645508,"z":-0.32659193873405459},"rotation":{"x":0.31207597255706789,"y":0.642767071723938,"z":-0.3214198052883148,"w":0.6217927932739258},"size":3.2935714721679689,"orthographic":false}