{"cameraMode":{"drawMode":0,"name":"Shaded","section":"Shading Mode"},"sceneLighting":false,"audioPlay":false,"sceneViewState":{"showFog":true,"showMaterialUpdate":false,"showSkybox":false,"showFlares":true,"showImageEffects":true,"showParticleSystems":true},"in2DMode":false,"pivot":{"x":0.02411174774169922,"y":-0.06171619892120361,"z":0.011735916137695313},"rotation":{"x":-0.07574448734521866,"y":0.902981162071228,"z":-0.17932559549808503,"w":-0.3833010196685791},"size":2.2578837871551515,"orthographic":false}