{"cameraMode":{"drawMode":0,"name":"Shaded","section":"Shading Mode"},"sceneLighting":false,"audioPlay":false,"sceneViewState":{"showFog":true,"showMaterialUpdate":false,"showSkybox":false,"showFlares":true,"showImageEffects":true,"showParticleSystems":true},"in2DMode":false,"pivot":{"x":0.5288244485855103,"y":2.5486855506896974,"z":-2.989462375640869},"rotation":{"x":0.0009514534613117576,"y":-0.9539119005203247,"z":0.3007600009441376,"w":0.01000942476093769},"size":1.739278793334961,"orthographic":false}